,gpt-35-turbo-0125,zero-one-ai/Yi-34B-Chat,glm-4,gpt-4-turbo-2024-04-09,mistralai/Mixtral-8x7B-Instruct-v0.1,Qwen/Qwen1.5-72B-Chat,meta-llama/Llama-2-70b-chat-hf,wenxin-4,reka-core-20240501,meta-llama/Llama-3-70b-chat-hf,SenseChat-5,claude-3-haiku-20240307,deepseek-ai/deepseek-llm-67b-chat,mistral-large-2402
0,927.5027444567813,961.6541617134552,1120.0096087394402,1108.3963667718353,968.5796246558862,1036.5564454678772,819.69086000723,969.070866145625,1077.1644304664726,1070.3745436144961,1017.0829423053067,1053.5425196813876,870.3748859742064,1000.0
1,931.7487200452599,965.900140333093,1124.255576833914,1112.642344990562,972.825579674772,1040.8024183782861,823.9368174444127,973.3168242458626,1081.4103915870762,1074.6204941146827,1021.3288893861503,1057.788493265866,874.6208223655876,944.8024873344754
2,928.6233768921126,959.9835586935271,1127.3992051163596,1112.5986753343234,970.5779077620241,1040.2630884738319,820.9265552409018,970.3373529205555,1081.0246101809894,1074.9329862680015,1020.5657298118407,1057.2215543917157,871.1836413820038,964.3617575318133
3,936.9450728537767,958.8922140990105,1123.9584844026415,1112.6921995792907,974.1539339654732,1041.2347841496307,825.1754373511625,973.2852602365899,1081.2690738080992,1074.4387199135645,1021.473667450385,1056.8400526098947,875.8091152973449,943.8319842831363
4,935.4742162366276,960.1430214954748,1128.568055072965,1113.5473088769795,969.7209841885268,1042.156603384336,813.98651341303,972.3352047156205,1082.312913674667,1076.2126109465685,1021.4427638353353,1058.3195702129187,860.8707100671242,964.9095238798257
