,zero-one-ai/Yi-34B-Chat,gpt-4-turbo-2024-04-09,reka-core-20240501,wenxin-4,claude-3-haiku-20240307,Qwen/Qwen1.5-72B-Chat,deepseek-ai/deepseek-llm-67b-chat,meta-llama/Llama-3-70b-chat-hf,glm-4,mistralai/Mixtral-8x7B-Instruct-v0.1,meta-llama/Llama-2-70b-chat-hf,SenseChat-5,gpt-35-turbo-0125,mistral-large-2402
0,955.2889538407725,1113.435863935714,1050.2556009379566,966.1044554639333,1054.326729040204,1034.00257557712,882.8388588740725,1083.5122130027382,1113.0677273298172,973.5848772382027,842.6757884524519,1029.2449070192517,901.661449287765,1000.0
1,960.0307763927545,1118.1776784317894,1054.9974266991085,970.8462619864677,1059.068523503419,1038.744380022516,887.5806955540321,1088.2540105988166,1117.8095289596806,978.3266933794278,847.4176316003023,1033.9867008315837,906.4032592866322,938.3564327534681
2,953.9917411330651,1118.1503961184833,1054.627685269594,967.8202425548336,1058.5175390165614,1038.2268143499246,883.9564216897986,1088.6008936311664,1120.9984743475554,976.0342376241643,844.4172739386916,1033.23432961419,903.2368625203626,958.1870881916085
3,953.2202147914427,1118.2492583362066,1054.8584457939992,970.1230173124238,1058.2777901974216,1039.0194176236882,886.7948138626244,1088.2757847653254,1118.5044439630537,978.6253730763938,847.1398691006484,1033.9273336280444,909.908780391456,943.0754571572719
4,954.723743511753,1119.7380213545289,1056.699635052902,969.3173826194787,1060.654570036052,1040.8931962739168,861.8523382984686,1091.1625381076653,1125.3474479222652,972.1020538664269,830.7633719757532,1034.1585268643498,909.9670611833593,972.62011293308
