,SenseChat-5,Qwen/Qwen1.5-72B-Chat,meta-llama/Llama-3-70b-chat-hf,deepseek-ai/deepseek-llm-67b-chat,claude-3-haiku-20240307,wenxin-4,gpt-35-turbo-0125,meta-llama/Llama-2-70b-chat-hf,mistralai/Mixtral-8x7B-Instruct-v0.1,glm-4,gpt-4-turbo-2024-04-09,zero-one-ai/Yi-34B-Chat,reka-core-20240501,mistral-large-2402
0,1029.2449070192517,1034.00257557712,1083.5122130027382,882.8388588740725,1054.326729040204,966.1044554639333,901.661449287765,842.6757884524519,973.5848772382027,1113.0677273298172,1113.435863935714,955.2889538407725,1050.2556009379566,1000.0
1,1033.9867008315837,1038.744380022516,1088.2540105988166,887.5806955540321,1059.068523503419,970.8462619864677,906.4032592866322,847.4176316003023,978.3266933794278,1117.8095289596806,1118.1776784317894,960.0307763927545,1054.9974266991085,938.3564327534681
2,1034.6084971198727,1039.184834065857,1088.0301344864515,890.4060421462096,1059.5382069405834,973.2133028697948,908.876064814415,849.7632358429935,980.1289104359084,1115.3977417155959,1118.2423688264973,964.7188054060175,1055.325332458037,922.5665228717659
3,1034.6881784659931,1039.2757259369273,1088.0026774018877,890.710973245933,1059.5179262033669,973.4606476577871,909.5926956689208,850.0565514013581,980.4089385121681,1115.1434774515374,1118.2599376960327,964.6305819382327,1055.3560715259016,920.8956168939534
4,1034.9151048366568,1041.4586781409582,1091.342804771452,861.0308509347159,1062.2845547404402,972.565043216917,909.8014869774308,830.5794740102817,972.6619545940265,1123.0608689297421,1119.948273498913,966.5525410037521,1057.484284900172,956.3140794445419
