,gpt-35-turbo-0125,claude-3-haiku-20240307,Qwen/Qwen1.5-72B-Chat,meta-llama/Llama-2-70b-chat-hf,gpt-4-turbo-2024-04-09,zero-one-ai/Yi-34B-Chat,mistralai/Mixtral-8x7B-Instruct-v0.1
0,1049.0344356453445,1026.255782911221,1008.6931387510529,1000.0,991.3068612489471,973.744217088779,950.9655643546555
1,1055.0751463925567,1020.2150728620111,1008.6931386127433,1000.0,991.3068613872567,967.7035093147641,957.0062714306682
2,1055.075140566498,1020.2150714868615,1106.2391235232728,804.9080317048013,1088.852844771926,967.7035090881643,957.0062788584763
3,1072.910378017007,1038.050306931808,1082.4588037077565,781.1277478871909,1065.0725089840662,985.5387514499072,974.8415030222649
4,1072.910378017007,1038.050306931808,1082.4588037077565,781.1277478871909,1065.0725089840662,985.5387514499072,974.8415030222649
