,claude-3-haiku-20240307,gpt-4-turbo-2024-04-09,mistralai/Mixtral-8x7B-Instruct-v0.1,meta-llama/Llama-2-70b-chat-hf,gpt-35-turbo-0125,Qwen/Qwen1.5-72B-Chat,zero-one-ai/Yi-34B-Chat
0,1053.7690624761422,1035.218251828355,1026.2557829895848,1000.0,973.7442170104152,964.7817481716448,946.2309375238577
1,1004.726781106028,1084.2605310125139,1026.2557823182922,1000.0,973.7442176817078,1013.8240308244939,897.1886570569643
2,1004.726781112977,1084.2605350608262,1053.349896375995,945.8117719981573,1000.8383316258477,1013.8240293265833,897.1886544996137
3,1045.2492454122207,1124.782996977727,999.3199456305177,891.7818119623756,946.8083768826461,1054.3464902265748,937.7111329079381
4,1045.2492454122207,1124.782996977727,999.3199456305177,891.7818119623756,946.8083768826461,1054.3464902265748,937.7111329079381
