,SenseChat-5,gpt-4-turbo-2024-04-09,glm-4,Qwen/Qwen1.5-72B-Chat,claude-3-haiku-20240307,minimax-abab6.5-chat,wenxin-4,zero-one-ai/Yi-34B-Chat,meta-llama/Llama-3-70b-chat-hf,deepseek-ai/deepseek-llm-67b-chat
0,1155.2485394499633,1092.0614129464302,1072.258567862088,1065.4641969754316,1003.6138621394717,995.1061678167894,991.0336779347938,928.8773034964462,879.1761286397793,817.1601427388061
1,1157.122665649508,1092.7119751776793,1073.117864773757,1063.4332369988829,1003.1714511792225,994.6325289447386,991.5285737040116,928.0368978750653,879.2113818050273,817.0334238921079
2,1157.6031981461074,1107.3401944674838,1057.6908490540882,1064.8608209306133,1003.8836692365927,998.8062933050501,990.5154185318754,928.2226613415926,875.5980335627607,815.4788614238358
3,1159.7455878818976,1104.6113800906155,1056.204163337532,1066.905570567123,1015.809411771796,988.3123814647134,988.9329633809558,932.9235714232321,871.4676663861881,815.0873036959464
4,1160.1983400074148,1113.7857048750925,1066.7741147786312,1057.4192706659496,1005.8671568809291,985.8710366771966,1017.2490000067532,905.1881540976533,873.3678207197997,814.2794012905799
5,1160.1983400074148,1113.7857048750925,1066.7741147786312,1057.4192706659496,1005.8671568809291,985.8710366771966,1017.2490000067532,905.1881540976533,873.3678207197997,814.2794012905799
6,1160.1983400074148,1113.7857048750925,1066.7741147786312,1057.4192706659496,1005.8671568809291,985.8710366771966,1017.2490000067532,905.1881540976533,873.3678207197997,814.2794012905799
