,SenseChat-5,gpt-4-turbo-2024-04-09,glm-4,Qwen/Qwen1.5-72B-Chat,claude-3-haiku-20240307,minimax-abab6.5-chat,wenxin-4,zero-one-ai/Yi-34B-Chat,meta-llama/Llama-3-70b-chat-hf,deepseek-ai/deepseek-llm-67b-chat
0,1158.1170555340914,1092.938097924007,1072.8589829698558,1065.77551574024,1011.3449434887739,995.1902050200813,990.6134966294592,920.9795531612228,878.1974116939971,813.9847378382715
1,1138.7866338067736,1086.2487597416418,1063.9863864770803,1087.096979920368,1015.678761784305,1000.1135140746477,985.5002013942261,929.5568590089683,877.7897532686186,815.2421505233708
2,1139.256146456709,1100.2665115145737,1049.2535891195475,1088.470157811242,1016.3492903001592,1004.2097100267245,984.5241746390334,929.7003960648417,874.2574964645746,813.7125276025947
3,1141.164363308254,1097.9388852181658,1048.0213244972886,1090.2055266624068,1026.4210503322297,995.2242338807146,983.1900277292357,933.6849988175863,870.7715295516634,813.3780600024553
4,1141.4895497349073,1107.4430511097582,1058.9692582863113,1080.5921742833248,1016.2327329523279,992.9119165347396,1012.8014209499198,904.1717553553444,872.8781183863904,812.5100224069761
5,1141.4895497349073,1107.4430511097582,1058.9692582863113,1080.5921742833248,1016.2327329523279,992.9119165347396,1012.8014209499198,904.1717553553444,872.8781183863904,812.5100224069761
6,1141.4895497349073,1107.4430511097582,1058.9692582863113,1080.5921742833248,1016.2327329523279,992.9119165347396,1012.8014209499198,904.1717553553444,872.8781183863904,812.5100224069761
