,gpt-4-turbo-2024-04-09,Qwen/Qwen1.5-72B-Chat,claude-3-haiku-20240307,mistralai/Mixtral-8x7B-Instruct-v0.1,zero-one-ai/Yi-34B-Chat,gpt-35-turbo-0125,meta-llama/Llama-2-70b-chat-hf
0,1128.1658107916442,1057.7293078582065,1048.6320610939197,967.5774688498865,950.5631913092365,950.1911846084245,897.1409754886822
1,1105.2374299596743,1052.4463300207258,1025.7036754938529,997.9994615627656,927.6348043119291,963.4153418043021,927.5629568467506
2,1104.4024588128743,1032.1876171611711,1050.7204661555793,990.4136479183927,952.6515889888495,949.6470725074402,919.9771484556927
3,1103.2106392191006,1028.3698606434612,1062.5555554471177,977.674348557038,994.5024362281554,926.449311272732,907.2378486323952
4,1103.2106392191006,1028.3698606434612,1062.5555554471177,977.674348557038,994.5024362281554,926.449311272732,907.2378486323952
