gpt-4-turbo-2024-04-09,claude-3-haiku-20240307,Qwen/Qwen1.5-72B-Chat,mistralai/Mixtral-8x7B-Instruct-v0.1,zero-one-ai/Yi-34B-Chat,gpt-35-turbo-0125,meta-llama/Llama-2-70b-chat-hf
1128.1658107916442,1048.6320610939197,1057.7293078582063,967.5774688498864,950.5631913092363,950.1911846084244,897.1409754886822
1105.2374299596745,1025.7036754938529,1052.4463300207258,997.9994615627656,927.6348043119292,963.415341804302,927.5629568467506
1104.4024588128743,1050.7204661555793,1032.1876171611711,990.4136479183928,952.6515889888497,949.6470725074402,919.9771484556928
1103.2106392191006,1062.5555554471175,1028.3698606434612,977.674348557038,994.5024362281554,926.449311272732,907.2378486323952
1103.2106392191006,1062.5555554471175,1028.3698606434612,977.674348557038,994.5024362281554,926.449311272732,907.2378486323952
