,Qwen/Qwen1.5-72B-Chat,claude-3-haiku-20240307,gpt-4-turbo-2024-04-09,meta-llama/Llama-2-70b-chat-hf,gpt-35-turbo-0125,meta-llama/Llama-3-70b-chat-hf,mistralai/Mixtral-8x7B-Instruct-v0.1,zero-one-ai/Yi-34B-Chat,wenxin-4,deepseek-ai/deepseek-llm-67b-chat,SenseChat-5
0,1046.908401664943,1074.3774530580179,1128.4572616411724,842.8096164112711,947.4001123941711,1103.6906878397679,993.936513541191,982.0404086553243,988.1362886481405,892.243256146001,1000.0
1,1041.6338020486328,1069.102843353909,1123.1826533434894,837.5349833893385,942.1254940960007,1098.4160820889922,988.6618814138275,976.765797507404,982.8616767496355,886.9686326576738,1052.7461533510968
2,1044.1837120709674,1076.2178229473334,1121.0120712616456,839.6637133225051,944.660895588665,1100.9109028038326,990.2258360451824,980.3926401353596,985.4309396528888,889.4121340333255,1027.8893321382943
3,1045.4042526530507,1075.8398164594532,1120.6452181315601,840.0475877319615,945.2012415506545,1101.061752364256,990.5529209386066,980.6952024438094,986.0243492519166,889.8276525045518,1024.7000059701793
4,1047.6871388012921,1078.9822996885912,1123.0126578982251,835.5504072345548,942.8101780299148,1103.6613566471926,984.2295511413932,979.4892547625938,984.0841457962363,886.3519242654411,1034.1410857345652
