,mistralai/Mixtral-8x7B-Instruct-v0.1,Qwen/Qwen1.5-72B-Chat,wenxin-4,gpt-4-turbo-2024-04-09,gpt-35-turbo-0125,meta-llama/Llama-3-70b-chat-hf,deepseek-ai/deepseek-llm-67b-chat,meta-llama/Llama-2-70b-chat-hf,zero-one-ai/Yi-34B-Chat,claude-3-haiku-20240307,SenseChat-5
0,998.7016804223489,1043.227470130777,984.261822742607,1132.6669018520329,920.492410282146,1103.2940752566951,904.3898939916778,865.8958395793561,974.4846012705519,1072.5853044718071,1000.0
1,991.4148263712228,1035.9406263989458,976.9749767635273,1125.3800459970093,913.2055655360493,1096.0072307169726,897.1030425029492,858.6089877694743,967.1977454051303,1065.2984618304429,1072.8684907082759
2,993.6221394386226,1039.6351579504185,980.6783690896931,1122.1747944071976,916.8815594854598,1099.6146665942808,900.6144989315787,861.5105366713509,972.4310756442383,1075.6376358957773,1037.1995658913822
3,994.3906055109481,1042.6200569660723,982.1248141647133,1121.292999432047,918.2229294419512,1099.9941332866265,901.5428373600079,862.3640571539953,973.1618690495225,1074.7344289699297,1029.5512686641862
4,986.6474755425638,1045.5432602388075,979.8443960357575,1124.249991792519,915.5213200521235,1103.2642858182098,897.0976101806043,856.3736738412681,971.7119923198012,1078.6575470473058,1041.0884471310392
