,gpt-4-turbo-2024-04-09,Qwen/Qwen1.5-72B-Chat,claude-3-haiku-20240307,zero-one-ai/Yi-34B-Chat,mistralai/Mixtral-8x7B-Instruct-v0.1,gpt-35-turbo-0125,meta-llama/Llama-2-70b-chat-hf
0,1000.0,1000.0,1000.0,1000.0,1000.0,1000.0,1000
1,1035.218251810923,964.781748189077,1000.0,1000.0,1000.0,1000.0,1000
2,1035.2182518117686,964.7817481882314,1049.0344356369494,950.9655643630505,1000.0,1000.0,1000
3,1035.2182518109494,964.7817481890506,1049.034435680362,950.9655643196379,1008.6931387640276,991.3068612359724,1000
4,1035.2182518109494,964.7817481890506,1049.034435680362,950.9655643196379,1008.6931387640276,991.3068612359724,1000
