gpt-4-turbo-2024-04-09,claude-3-haiku-20240307,Qwen/Qwen1.5-72B-Chat,mistralai/Mixtral-8x7B-Instruct-v0.1,zero-one-ai/Yi-34B-Chat,gpt-35-turbo-0125,meta-llama/Llama-2-70b-chat-hf
1000.0,1000.0,1000.0,1000.0,1000.0,1000.0,1000
1035.218251810923,1000.0,964.781748189077,1000.0,1000.0,1000.0,1000
1035.2182518117686,1049.0344356369494,964.7817481882314,1000.0,950.9655643630504,1000.0,1000
1035.2182518109494,1049.034435680362,964.7817481890506,1008.6931387640276,950.965564319638,991.3068612359724,1000
1035.2182518109494,1049.034435680362,964.7817481890506,1008.6931387640276,950.965564319638,991.3068612359724,1000
