,gpt-4-turbo-2024-04-09,meta-llama/Llama-3-70b-chat-hf,command-r-plus,claude-3-haiku-20240307,Qwen/Qwen1.5-72B-Chat,zero-one-ai/Yi-34B-Chat,mistralai/Mixtral-8x7B-Instruct-v0.1,gpt-35-turbo-0125,deepseek-ai/deepseek-llm-67b-chat,meta-llama/Llama-2-70b-chat-hf
0,1139.6575222832557,1000.0,1089.7125162664495,1090.278767142562,1091.974079980813,981.8267724124266,967.8920481308623,922.4770936589443,877.4700492917999,838.7111508328874
1,1121.586178519122,1162.64222608032,1071.6411670118616,1072.2074185101653,1073.9027125448024,963.7554127247656,949.8206852730173,904.4057276504859,859.3986738113449,820.639797874115
2,1126.813209970193,1142.9773499958962,1073.2984912805714,1073.7481519078344,1071.2698112933622,966.4180710911737,952.6051998913492,907.6552701900099,862.305202389696,822.9092419899137
3,1121.746542540095,1101.463083789037,1091.4272032877648,1076.5182248001004,1065.0452677442368,975.3296257728728,959.0258930587522,912.6116551791862,869.0206870443308,827.8118167836245
4,1121.7741346093453,1101.727708173413,1091.4533784236476,1076.3295524021185,1065.0771554022963,975.3213267484361,958.9950133842117,912.602136458094,869.0044891252916,827.7151052731458
