,gpt-35-turbo-0125,deepseek-ai/deepseek-llm-67b-chat,gpt-4-turbo-2024-04-09,mistralai/Mixtral-8x7B-Instruct-v0.1,Qwen/Qwen1.5-72B-Chat,glm-4,claude-3-haiku-20240307,mistral-large-2402,meta-llama/Llama-2-70b-chat-hf,meta-llama/Llama-3-70b-chat-hf,wenxin-4,SenseChat-5,reka-core-20240501,zero-one-ai/Yi-34B-Chat,command-r-plus
0,927.3681288412935,868.0274647753249,1111.3490098338968,961.2273821655875,1040.5724369458576,1129.4248340211768,1057.4225928406909,976.6786002371467,815.540846009412,1075.117541250662,975.3650500800806,1018.4858087253926,1080.688864479717,962.731439793761,1000.0
1,919.4443866133334,860.1037137788373,1103.4252624934088,953.3036348159912,1032.6486988698712,1121.5010989310401,1049.4988566885631,968.7548448857699,807.6170874260981,1067.193798492598,967.4413054108926,1010.5620648668607,1072.7651257586203,954.807695477694,1110.932425490422
2,918.0550199270608,858.7385104921943,1101.8051083253386,951.818216684718,1031.1864963419812,1116.2867436745885,1050.506896863241,966.5392145698779,806.2084785257465,1065.6069463667106,965.9043229014787,1009.7148081095087,1072.0448133216223,953.6813723841042,1131.9030515118286
3,923.2550624336787,864.2828208490432,1126.6114375100667,959.4607215864617,1036.0946930065015,1109.9092263922753,1046.953707673266,969.0951562179198,812.5098478212309,1070.18293474707,970.5467558273398,1016.8881373907794,1075.295109892694,956.6078669860486,1062.3065216656232
4,923.0699970500607,864.1463638391697,1127.1855932396288,959.3416419388561,1035.57701467673,1110.685028494681,1047.0232988252817,969.177477336877,812.3796457574433,1069.6046649785158,970.3881380070616,1016.1268603786542,1071.5535548138744,956.5416235852373,1067.1990970779268
