,SenseChat-5,meta-llama/Llama-3-70b-chat-hf,Qwen/Qwen1.5-72B-Chat,gpt-35-turbo-0125,meta-llama/Llama-2-70b-chat-hf,claude-3-haiku-20240307,wenxin-4,gpt-4-turbo-2024-04-09,glm-4,zero-one-ai/Yi-34B-Chat,deepseek-ai/deepseek-llm-67b-chat,mistralai/Mixtral-8x7B-Instruct-v0.1,reka-core-20240501
0,1024.4135041546326,1070.8222358077319,1044.1181617388706,934.7588841455773,826.8194301853944,1061.0546437650823,976.3557980115546,1114.2086916886822,1125.3203742717103,968.9631616892339,877.5627107698484,975.6024037716804,1000.0
1,1017.8098874201572,1064.218589479165,1037.5145254810054,928.1552680384868,820.2158340422811,1054.4510000352316,969.7521957345059,1107.6050631785818,1118.7167174557185,962.3595458370789,870.9591168113587,968.998799803179,1079.24345668325
2,1018.4154666995773,1063.605060177559,1036.4946358291504,927.6123643216852,819.8263226345075,1054.0280526036684,969.1680847258601,1107.2051111373555,1118.1064715579625,961.8583190539626,870.5126089741871,968.7109773285738,1084.456524955951
3,1016.7471796933825,1070.0856435795777,1036.3807290416821,927.7818660249166,819.9739704050712,1055.5537975686273,969.322499430502,1108.7147281015843,1120.4752360637935,962.359558696674,870.7142453087845,968.7623368789065,1073.1282092064982
4,1017.0829423053041,1070.3745436144989,1036.5564454678777,927.5027444567902,819.6908600072227,1053.542519681392,969.0708661456224,1108.3963667718301,1120.0096087394427,961.6541617134577,870.3748859741935,968.5796246558938,1077.1644304664735
