,wenxin-4,SenseChat-5,claude-3-haiku-20240307,deepseek-ai/deepseek-llm-67b-chat,meta-llama/Llama-2-70b-chat-hf,gpt-4-turbo-2024-04-09,Qwen/Qwen1.5-72B-Chat,meta-llama/Llama-3-70b-chat-hf,glm-4,gpt-35-turbo-0125,mistralai/Mixtral-8x7B-Instruct-v0.1,zero-one-ai/Yi-34B-Chat,reka-core-20240501
0,976.3557980115547,1024.4135041546326,1061.0546437650823,877.5627107698485,826.8194301853945,1114.2086916886822,1044.1181617388706,1070.822235807732,1125.3203742717103,934.7588841455774,975.6024037716805,968.963161689234,1000.0
1,969.7521957345059,1017.8098874201572,1054.4510000352316,870.9591168113586,820.2158340422811,1107.6050631785818,1037.5145254810054,1064.218589479165,1118.7167174557185,928.1552680384868,968.998799803179,962.3595458370789,1079.24345668325
2,969.1680847258601,1018.4154666995773,1054.0280526036684,870.5126089741871,819.8263226345075,1107.2051111373555,1036.4946358291506,1063.6050601775587,1118.1064715579625,927.6123643216852,968.7109773285738,961.8583190539626,1084.456524955951
3,969.322499430502,1016.7471796933825,1055.5537975686273,870.7142453087845,819.9739704050711,1108.7147281015843,1036.3807290416821,1070.0856435795777,1120.4752360637935,927.7818660249166,968.7623368789065,962.359558696674,1073.1282092064982
4,969.0708661456224,1017.0829423053041,1053.5425196813922,870.3748859741935,819.6908600072227,1108.3963667718303,1036.5564454678777,1070.3745436144989,1120.0096087394427,927.5027444567903,968.5796246558939,961.6541617134578,1077.1644304664735
