,mistralai/Mixtral-8x7B-Instruct-v0.1,wenxin-4,gpt-35-turbo-0125,glm-4,zero-one-ai/Yi-34B-Chat,meta-llama/Llama-3-70b-chat-hf,gpt-4-turbo-2024-04-09,meta-llama/Llama-2-70b-chat-hf,claude-3-haiku-20240307,Qwen/Qwen1.5-72B-Chat,deepseek-ai/deepseek-llm-67b-chat,SenseChat-5,reka-core-20240501
0,978.6458520127538,972.6832689057943,908.1257884482386,1115.159820969798,962.1696831559162,1073.0683072195907,1116.0268063792232,848.2344635739786,1062.892594264261,1041.95999646203,888.8368626856538,1032.196555922761,1000.0
1,975.5009189238226,969.538300699979,904.9808530685877,1112.0148778612893,959.0247632609738,1069.9233566392363,1112.88186794809,845.0895275235675,1059.7476383581459,1038.8150507673238,885.6919126074731,1029.0516094939364,1037.7393228475742
2,974.114906222137,966.6200316265488,902.228321652878,1108.9659693024962,956.5465029693345,1066.8600632185817,1110.9091785480687,843.3220444003239,1057.6492499222359,1033.68209689576,883.5876584074109,1032.1294778756821,1063.3844989585416
3,974.2078140438192,966.9572655031221,902.6003315135797,1114.69263431372,957.7243615191599,1082.556910765483,1114.534591414051,843.6235643200324,1061.3199742777658,1033.3664340449998,884.0733016569529,1028.0295444996796,1036.3132721276347
4,973.5848772382027,966.1044554639333,901.661449287765,1113.0677273298172,955.2889538407725,1083.5122130027382,1113.435863935714,842.6757884524519,1054.326729040204,1034.00257557712,882.8388588740725,1029.2449070192517,1050.2556009379566
