,Qwen/Qwen1.5-72B-Chat,gpt-35-turbo-0125,claude-3-haiku-20240307,wenxin-4,meta-llama/Llama-2-70b-chat-hf,glm-4,meta-llama/Llama-3-70b-chat-hf,SenseChat-5,deepseek-ai/deepseek-llm-67b-chat,gpt-4-turbo-2024-04-09,zero-one-ai/Yi-34B-Chat,mistralai/Mixtral-8x7B-Instruct-v0.1,reka-core-20240501
0,1041.9599964620302,908.1257884482387,1062.8925942642613,972.6832689057944,848.2344635739786,1115.159820969798,1073.0683072195907,1032.196555922761,888.8368626856538,1116.0268063792232,962.1696831559162,978.645852012754,1000.0
1,1038.8150507673238,904.9808530685877,1059.747638358146,969.538300699979,845.0895275235674,1112.0148778612893,1069.9233566392363,1029.0516094939364,885.6919126074731,1112.88186794809,959.0247632609738,975.5009189238226,1037.7393228475742
2,1033.6820968957725,902.2283216525182,1057.649249922166,966.6200316266547,843.3220444000999,1108.9659693029573,1066.8600632182338,1032.1294778758402,883.5876584073239,1110.9091785481753,956.5465029695544,974.1149062220979,1063.384498958606
3,1033.3664340449998,902.6003315135797,1061.3199742777658,966.9572655031221,843.6235643200325,1114.69263431372,1082.556910765483,1028.0295444996796,884.0733016569529,1114.534591414051,957.7243615191599,974.2078140438192,1036.3132721276347
4,1034.00257557712,901.661449287765,1054.326729040204,966.1044554639334,842.6757884524519,1113.0677273298172,1083.5122130027382,1029.2449070192517,882.8388588740725,1113.435863935714,955.2889538407725,973.5848772382027,1050.2556009379566
