,Qwen/Qwen1.5-72B-Chat,gpt-4-turbo-2024-04-09,claude-3-haiku-20240307,zero-one-ai/Yi-34B-Chat,mistralai/Mixtral-8x7B-Instruct-v0.1,meta-llama/Llama-2-70b-chat-hf,gpt-35-turbo-0125,meta-llama/Llama-3-70b-chat-hf
0,1036.1945508713245,1117.6101840314466,1065.5601108416383,980.7449857222391,992.15904360599,884.6209185878937,923.1102063394676,1000.0
1,1020.5777943400293,1101.993428586996,1049.9433547662181,965.1282290590923,976.54228770744,869.0041624459543,907.4934490830287,1109.3172940112408
2,1017.6858433391279,1112.1211527977184,1053.1892528116025,967.7113632607228,982.3916910716894,874.8535605695253,909.4345460026584,1082.6125901469554
3,1017.6105916542998,1112.0184816664182,1053.835955075007,968.0830124027048,982.3977864175307,874.8596615245626,909.539797034606,1081.654714224871
