,Qwen/Qwen1.5-72B-Chat,gpt-35-turbo-0125,gpt-4-turbo-2024-04-09,claude-3-haiku-20240307,zero-one-ai/Yi-34B-Chat,mistralai/Mixtral-8x7B-Instruct-v0.1,meta-llama/Llama-2-70b-chat-hf
0,1082.4588037077565,1072.910378017007,1065.0725089840662,1038.050306931808,985.5387514499072,974.8415030222649,781.1277478871909
1,1110.3789313512389,1045.070955571861,1079.3010361833292,1023.9248151835114,985.2743151265587,947.0020833213644,809.0478632621364
2,1111.7907246558125,1043.6932997852364,1083.4216713155572,1019.8467584906352,985.163449913372,945.6244299798918,810.459665859495
3,1110.3119220230683,1054.5700864559378,1069.8536857401823,1009.1077205177951,955.4616482375367,991.7140846118533,808.9808524136264
4,1110.3119220230683,1054.5700864559378,1069.8536857401823,1009.1077205177951,955.4616482375367,991.7140846118533,808.9808524136264
