,gpt-35-turbo-0125,gpt-4-turbo-2024-04-09,claude-3-haiku-20240307,zero-one-ai/Yi-34B-Chat,meta-llama/Llama-2-70b-chat-hf,deepseek-ai/deepseek-llm-67b-chat,meta-llama/Llama-3-70b-chat-hf,Qwen/Qwen1.5-72B-Chat,mistralai/Mixtral-8x7B-Instruct-v0.1,wenxin-4
0,955.2959783563005,1122.2815115147628,1070.1771368923996,988.4964135244151,843.7368983776543,895.8211446235617,1096.9774948757824,1037.0776839892208,990.1357378459027,1000.0
1,958.8930680331666,1125.878604051245,1073.7742396129308,992.0935170130776,847.3339895631101,899.4182410412521,1100.574582615136,1040.6747891579691,993.7328307148086,967.6261381973038
2,956.7620436279944,1124.4092939519355,1070.2822394943723,984.2698849578193,847.3326826739468,897.7719562884984,1098.1202576142591,1038.2736850139368,996.6583739044719,986.1195824727655
3,956.7172058632116,1127.7989644018055,1073.6249253738297,981.9018870950258,845.6429780275594,896.4365641757254,1102.7964225506882,1045.6284719000937,994.3362498191678,975.1163307928929
4,947.4001123941711,1128.4572616411724,1074.3774530580179,982.0404086553243,842.809616411271,892.243256146001,1103.6906878397676,1046.908401664943,993.936513541191,988.1362886481405
