,Qwen/Qwen1.5-72B-Chat,claude-3-haiku-20240307,deepseek-ai/deepseek-llm-67b-chat,gpt-4-turbo-2024-04-09,meta-llama/Llama-2-70b-chat-hf,zero-one-ai/Yi-34B-Chat,mistralai/Mixtral-8x7B-Instruct-v0.1,meta-llama/Llama-3-70b-chat-hf,gpt-35-turbo-0125,wenxin-4
0,1031.7449819808712,1067.0219768789136,907.3015026527223,1126.9867505603663,868.6211632240106,977.4630411947866,1001.2148370358901,1095.7502329201889,923.8955135522506,1000.0
1,1032.4922661791122,1067.7692526967264,908.0487930366764,1127.7340244348638,869.368456478313,978.2103469364401,1001.9621171269816,1096.4975126960871,924.6428140359553,993.2744163788442
2,1032.3549515143056,1067.5729703133206,907.9537290731845,1127.6517098787979,869.3949830130217,977.7724336560849,1002.127125492005,1096.3588405819257,924.5149681533208,994.2982883240333
3,1042.8049543451125,1072.3454903344204,905.6907097850544,1132.44821310876,866.6400366352068,974.4755765174125,998.8122484070672,1103.001358173072,924.7170225344681,979.0643901594256
4,1043.227470130777,1072.5853044718071,904.3898939916778,1132.6669018520329,865.8958395793561,974.4846012705518,998.7016804223489,1103.2940752566951,920.492410282146,984.261822742607
