,gpt-4-turbo-2024-04-09,SenseChat-5,glm-4,meta-llama/Llama-3-70b-chat-hf,minimax-abab6.5-chat,Qwen/Qwen1.5-72B-Chat,claude-3-haiku-20240307,zero-one-ai/Yi-34B-Chat,deepseek-ai/deepseek-llm-67b-chat,wenxin-4
0,1000.0,1000.0,1000.0,1000.0,1000.0,1000.0,1000.0,1000.0,1000.0,1000.0
1,982.5699648562238,1017.4300351437762,1000.0,1000.0,1000.0,1000.0,1000.0,1000.0,1000.0,1000.0
2,982.5699630739858,1017.4300369260142,1101.3152475138204,898.6847524861795,1000.0,1000.0,1000.0,1000.0,1000.0,1000.0
3,982.5699630739858,1017.4300369260142,1101.3152475138204,898.6847524861795,1000.0,1000.0,1000.0,1000.0,1000.0,1000.0
4,982.5699648348602,1017.4300351651398,1101.3152467725981,898.6847532274019,1000.0,1000.0,1063.4840823741542,936.5159176258458,1000.0,1000.0
5,982.5699648474747,1017.4300351525253,1101.3152468388728,898.6847531611272,1000.0,1000.0,1063.4840822659114,936.5159177340886,910.2734565744686,1089.7265434255314
