,gpt-4-turbo-2024-04-09,SenseChat-5,glm-4,meta-llama/Llama-3-70b-chat-hf,minimax-abab6.5-chat,Qwen/Qwen1.5-72B-Chat,claude-3-haiku-20240307,zero-one-ai/Yi-34B-Chat,deepseek-ai/deepseek-llm-67b-chat,wenxin-4
0,1000.0,1000.0,1000.0,1000.0,1000.0,1000.0,1000.0,1000.0,1000.0,1000.0
1,982.5699648562238,1017.4300351437762,1000.0,1000.0,1000.0,1000.0,1000.0,1000.0,1000.0,1000.0
2,982.5699630739858,1017.4300369260142,1101.3152475138204,898.6847524861795,1000.0,1000.0,1000.0,1000.0,1000.0,1000.0
3,982.5699630739858,1017.4300369260142,1101.3152475138204,898.6847524861795,1000.0,1000.0,1000.0,1000.0,1000.0,1000.0
4,982.5699666834743,1017.4300333165257,1101.3152499859632,898.6847500140368,1000.0,1000.0,1078.8294039939622,921.170596006038,1000.0,1000.0
5,982.569965605791,1017.430034394209,1101.3152464960638,898.6847535039362,1000.0,1000.0,1078.8294031387898,921.1705968612102,910.2734558050812,1089.7265441949187
