,gpt-4-turbo-2024-04-09,Qwen/Qwen1.5-72B-Chat,claude-3-haiku-20240307,zero-one-ai/Yi-34B-Chat,mistralai/Mixtral-8x7B-Instruct-v0.1,gpt-35-turbo-0125,meta-llama/Llama-2-70b-chat-hf
0,1000.0,1000.0,1000.0,1000.0,1000.0,1000.0,1000
1,991.3068613257452,1008.6931386742548,1000.0,1000.0,1000.0,1000.0,1000
2,991.3068604786732,1008.6931395213268,1026.255782891965,973.7442171080351,1000.0,1000.0,1000
3,991.3068612489471,1008.6931387510529,1026.255782911221,973.744217088779,950.9655643546555,1049.0344356453445,1000
4,991.3068612489471,1008.6931387510529,1026.255782911221,973.744217088779,950.9655643546555,1049.0344356453445,1000
