,Qwen/Qwen1.5-72B-Chat,claude-3-haiku-20240307,gpt-4-turbo-2024-04-09,mistralai/Mixtral-8x7B-Instruct-v0.1,deepseek-ai/deepseek-llm-67b-chat,wenxin-4,meta-llama/Llama-2-70b-chat-hf,gpt-35-turbo-0125,zero-one-ai/Yi-34B-Chat,meta-llama/Llama-3-70b-chat-hf,SenseChat-5
0,1043.2274701307772,1072.5853044718071,1132.6669018520329,998.7016804223489,904.3898939916778,984.261822742607,865.8958395793561,920.4924102821461,974.4846012705519,1103.2940752566951,1000.0
1,1035.9406263989458,1065.2984618304429,1125.3800459970093,991.4148263712228,897.1030425029492,976.9749767635273,858.6089877694743,913.2055655360492,967.1977454051303,1096.0072307169726,1072.8684907082759
2,1039.6351579504185,1075.6376358957773,1122.1747944071976,993.6221394386226,900.6144989315787,980.6783690896931,861.5105366713509,916.8815594854598,972.4310756442383,1099.6146665942808,1037.1995658913822
3,1042.620056966072,1074.7344289699297,1121.292999432047,994.3906055109481,901.5428373600079,982.1248141647133,862.3640571539953,918.2229294419512,973.1618690495224,1099.9941332866265,1029.5512686641862
4,1045.5432602388075,1078.6575470473058,1124.249991792519,986.6474755425638,897.0976101806043,979.8443960357575,856.3736738412681,915.5213200521235,971.7119923198012,1103.2642858182098,1041.0884471310392
