,mistral-large-2402,gpt-4-turbo-2024-04-09,mistralai/Mixtral-8x7B-Instruct-v0.1,meta-llama/Llama-2-70b-chat-hf,gpt-35-turbo-0125,deepseek-ai/deepseek-llm-67b-chat,glm-4,SenseChat-5,zero-one-ai/Yi-34B-Chat,Qwen/Qwen1.5-72B-Chat,claude-3-haiku-20240307,wenxin-4,meta-llama/Llama-3-70b-chat-hf,reka-core-20240501,command-r-plus
0,956.3140794445419,1119.948273498913,972.6619545940265,830.5794740102817,909.8014869774307,861.0308509347158,1123.0608689297421,1034.9151048366568,966.5525410037521,1041.458678140958,1062.2845547404402,972.565043216917,1091.342804771452,1057.484284900172,1000.0
1,948.0662226492775,1111.7004013860756,964.4140880120704,822.3316035095842,901.5535969298833,852.782979033668,1114.8130072888735,1026.6672083460985,958.3046722854629,1033.2108083647356,1054.0366790159148,964.3171765670431,1083.0949387628114,1049.2363990579606,1115.470218790541
2,946.3928581426627,1110.5044403716365,963.3782011518836,821.225452358,900.4080119548244,851.616680554293,1110.9048526467932,1026.0594358648802,957.4376131426448,1032.1247025929558,1054.8047355216308,963.2849317832,1081.9050306045,1048.7093142243896,1131.2437390857056
3,948.0393330788058,1134.4423361031681,971.6269224460052,827.5224320684914,904.850523264676,856.2469692863023,1104.7087037038416,1033.1833428998805,959.9355845731457,1036.8619973869475,1051.404063586839,968.2736097022515,1086.3395203066812,1051.9261158145503,1064.6385457784143
4,948.293682077204,1135.914173064259,971.2284692988692,827.2326708044498,904.4592203724937,856.0498060654411,1106.7472803647586,1031.1257731016317,959.7839866968836,1035.4673372697407,1051.5696428695885,967.6956711405292,1084.838800479052,1042.12914976357,1077.4643366315288
