gpt-4-turbo-2024-04-09,glm-4,meta-llama/Llama-3-70b-chat-hf,claude-3-haiku-20240307,reka-core-20240501,Qwen/Qwen1.5-72B-Chat,SenseChat-5,mistralai/Mixtral-8x7B-Instruct-v0.1,wenxin-4,zero-one-ai/Yi-34B-Chat,mistral-large-2402,gpt-35-turbo-0125,deepseek-ai/deepseek-llm-67b-chat,meta-llama/Llama-2-70b-chat-hf,command-r-plus
1119.948273498913,1123.060868929742,1091.342804771452,1062.2845547404402,1057.484284900172,1041.458678140958,1034.9151048366568,972.6619545940264,972.565043216917,966.552541003752,956.314079444542,909.8014869774308,861.0308509347158,830.5794740102817,1000.0
1111.7004013860756,1114.8130072888737,1083.0949387628114,1054.0366790159148,1049.2363990579606,1033.2108083647356,1026.6672083460985,964.4140880120704,964.3171765670432,958.3046722854627,948.0662226492776,901.5535969298832,852.782979033668,822.3316035095842,1115.470218790541
1110.5044403716363,1110.9048526467932,1081.9050306045,1054.8047355216308,1048.7093142243896,1032.1247025929558,1026.0594358648802,963.3782011518836,963.2849317832,957.4376131426448,946.3928581426628,900.4080119548244,851.616680554293,821.225452358,1131.2437390857056
1134.442336103168,1104.7087037038416,1086.3395203066812,1051.404063586839,1051.9261158145505,1036.8619973869477,1033.1833428998805,971.6269224460052,968.2736097022516,959.9355845731455,948.0393330788058,904.850523264676,856.2469692863023,827.5224320684914,1064.6385457784145
1135.914173064259,1106.7472803647586,1084.838800479052,1051.5696428695885,1042.12914976357,1035.4673372697407,1031.1257731016317,971.2284692988692,967.6956711405292,959.7839866968836,948.293682077204,904.4592203724936,856.0498060654411,827.2326708044498,1077.4643366315288
