,glm-4,gpt-4-turbo-2024-04-09,wenxin-4,reka-core-20240501,meta-llama/Llama-2-70b-chat-hf,SenseChat-5,mistralai/Mixtral-8x7B-Instruct-v0.1,gpt-35-turbo-0125,claude-3-haiku-20240307,mistral-large-2402,meta-llama/Llama-3-70b-chat-hf,deepseek-ai/deepseek-llm-67b-chat,Qwen/Qwen1.5-72B-Chat,zero-one-ai/Yi-34B-Chat,command-r-plus
0,1128.568055072965,1113.5473088769795,972.3352047156206,1082.312913674667,813.98651341303,1021.4427638353354,969.7209841885268,935.4742162366276,1058.3195702129187,964.9095238798257,1076.2126109465685,860.8707100671242,1042.156603384336,960.1430214954748,1000.0
1,1120.5844882794322,1105.5637676785695,964.3516721490179,1074.329363170721,806.0029787196868,1013.4592178579733,961.7374123702682,927.4906970699086,1050.336024609221,956.9259888092554,1068.229057135596,852.8871951742863,1034.1730766334194,952.159480435924,1111.7695799067205
2,1115.5797660704059,1104.0381866501073,963.0301542707186,1073.6601703927824,804.5749222910077,1012.683336500957,960.412571023224,926.0241859048208,1051.321479689433,954.779246562386,1066.7223941547572,851.4024391798414,1032.7875241856902,951.0464364795712,1131.9371866442973
3,1109.1869246792844,1128.7544401551102,968.2297929242269,1076.9920116656356,810.7255719274633,1020.0547547196287,968.9236571927057,930.6945108471996,1047.8440517010904,956.5223816796808,1071.3102964953687,856.260235927929,1037.731358884646,953.7000536611205,1063.0699575389106
4,1109.9950226539802,1129.3417239713694,968.0049374869245,1073.0828870630721,810.6128000051156,1019.2490456410634,968.7682283529368,930.5460294702029,1047.911687869322,956.6237666579498,1070.701063893191,856.1707890552998,1037.184533636382,953.6400914178325,1068.1673928253583
