,mistral-large-2402,zero-one-ai/Yi-34B-Chat,claude-3-haiku-20240307,glm-4,SenseChat-5,mistralai/Mixtral-8x7B-Instruct-v0.1,meta-llama/Llama-2-70b-chat-hf,wenxin-4,gpt-35-turbo-0125,meta-llama/Llama-3-70b-chat-hf,reka-core-20240501,Qwen/Qwen1.5-72B-Chat,deepseek-ai/deepseek-llm-67b-chat,gpt-4-turbo-2024-04-09,command-r-plus
0,956.3140794445419,966.5525410037521,1062.2845547404402,1123.0608689297421,1034.9151048366568,972.6619545940265,830.5794740102817,972.565043216917,909.8014869774307,1091.342804771452,1057.484284900172,1041.4586781409582,861.0308509347158,1119.948273498913,1000.0
1,948.0662226492775,958.3046722854629,1054.0366790159146,1114.8130072888732,1026.6672083460985,964.4140880120704,822.3316035095842,964.3171765670431,901.5535969298833,1083.0949387628114,1049.2363990579606,1033.2108083647356,852.782979033668,1111.7004013860756,1115.470218790541
2,946.3928581426627,957.4376131426448,1054.8047355216306,1110.9048526467932,1026.05943586488,963.3782011518834,821.225452358,963.2849317831999,900.4080119548244,1081.9050306045,1048.7093142243896,1032.1247025929558,851.616680554293,1110.5044403716365,1131.2437390857056
3,948.0393330788058,959.9355845731457,1051.404063586839,1104.7087037038416,1033.1833428998805,971.6269224460052,827.5224320684914,968.2736097022515,904.850523264676,1086.3395203066812,1051.9261158145503,1036.8619973869475,856.2469692863024,1134.4423361031681,1064.6385457784143
4,948.2936820772039,959.7839866968836,1051.5696428695885,1106.7472803647584,1031.1257731016317,971.2284692988692,827.2326708044498,967.6956711405292,904.4592203724937,1084.838800479052,1042.12914976357,1035.4673372697407,856.0498060654411,1135.914173064259,1077.4643366315286
