gpt-4-turbo-2024-04-09,claude-3-haiku-20240307,Qwen/Qwen1.5-72B-Chat,mistralai/Mixtral-8x7B-Instruct-v0.1,zero-one-ai/Yi-34B-Chat,gpt-35-turbo-0125,meta-llama/Llama-2-70b-chat-hf
1035.2182518109494,1049.034435680362,964.7817481890506,1008.6931387640276,950.965564319638,991.3068612359724,1000.0
1081.893220948,1002.359466519866,1011.4567173494664,1008.693138764898,904.2905951826676,991.306861235102,1000.0
1081.8932200220345,1002.3594646892884,1011.4567155448664,1029.274262355693,904.290599743811,1011.8879792336144,958.8377584106923
1128.1658107916442,1048.6320610939197,1057.7293078582063,967.5774688498864,950.5631913092363,950.1911846084244,897.1409754886822
1128.1658107916442,1048.6320610939197,1057.7293078582063,967.5774688498864,950.5631913092363,950.1911846084244,897.1409754886822
