,claude-3-haiku-20240307,gpt-4-turbo-2024-04-09,mistralai/Mixtral-8x7B-Instruct-v0.1,meta-llama/Llama-2-70b-chat-hf,gpt-35-turbo-0125,Qwen/Qwen1.5-72B-Chat,zero-one-ai/Yi-34B-Chat
0,1049.034435680362,1035.2182518109494,1008.6931387640276,1000.0,991.3068612359724,964.7817481890506,950.9655643196379
1,1002.3594665198659,1081.8932209480001,1008.6931387648979,1000.0,991.3068612351021,1011.4567173494663,904.2905951826675
2,1002.3594646892883,1081.8932200220343,1029.274262355693,958.8377584106925,1011.8879792336145,1011.4567155448665,904.290599743811
3,1048.6320610939197,1128.1658107916442,967.5774688498865,897.1409754886822,950.1911846084245,1057.7293078582065,950.5631913092365
4,1048.6320610939197,1128.1658107916442,967.5774688498865,897.1409754886822,950.1911846084245,1057.7293078582065,950.5631913092365
