,gpt-4-turbo-2024-04-09,claude-3-haiku-20240307,Qwen/Qwen1.5-72B-Chat,mistralai/Mixtral-8x7B-Instruct-v0.1,zero-one-ai/Yi-34B-Chat,gpt-35-turbo-0125,meta-llama/Llama-2-70b-chat-hf
0,1035.218252,1053.769062,964.7817482,1026.255783,946.2309375,973.744217,1000
1,1084.260531,1004.726781,1013.824031,1026.255782,897.1886571,973.7442177,1000
2,1084.260535,1004.726781,1013.824029,1053.349896,897.1886545,1000.838332,945.811772
3,1124.782997,1045.249245,1054.34649,999.3199456,937.7111329,946.8083769,891.781812
4,1124.782997,1045.249245,1054.34649,999.3199456,937.7111329,946.8083769,891.781812