,gpt-4-turbo-2024-04-09,gpt-35-turbo-0125,zero-one-ai/Yi-34B-Chat,command-r-plus,meta-llama/Llama-2-70b-chat-hf,claude-3-haiku-20240307,mistralai/Mixtral-8x7B-Instruct-v0.1,deepseek-ai/deepseek-llm-67b-chat,Qwen/Qwen1.5-72B-Chat
0,1035.218251818452,1026.2557822215056,1021.8288942687626,1017.430036808762,1000.0,982.569963191238,978.1711057312374,973.7442177784945,964.781748181548
1,1144.5153448523756,916.9586895790669,1021.8288942487571,1017.4300348201343,1000.0,982.5699651798657,978.1711057512429,864.4471217668919,1074.0788438016657
2,1144.5153427680812,916.9586876754356,979.8625801796154,1059.3963451722982,1000.0,1024.5362762289585,936.204798419128,864.447136412397,1074.0788331440863
3,1144.515329790216,916.9586999786175,1031.9258576963555,1111.4596031973772,791.7469509901233,1076.59951885457,988.2680692615739,864.4471186767415,1074.0788515544248
4,1142.7668708416802,915.2102231876461,1033.324613205058,1112.8583641173984,793.1457477342983,1077.9983001411476,989.6668324612971,862.6986655071627,1072.3303828043117
5,1142.7668708416802,915.2102231876461,1033.324613205058,1112.8583641173984,793.1457477342983,1077.9983001411476,989.6668324612971,862.6986655071627,1072.3303828043117
