,glm-4,wenxin-4,claude-3-haiku-20240307,SenseChat-5,minimax-abab6.5-chat,Qwen/Qwen1.5-72B-Chat,gpt-4-turbo-2024-04-09,zero-one-ai/Yi-34B-Chat,deepseek-ai/deepseek-llm-67b-chat,meta-llama/Llama-3-70b-chat-hf
0,1101.3152464960638,1089.7265441949187,1078.8294031387898,1017.430034394209,1000.0,1000.0,982.569965605791,921.1705968612102,910.2734558050812,898.6847535039362
1,1169.116250233265,1021.9255336058386,1078.8294026608164,1017.4300387809608,1000.0,1000.0,982.5699612190392,921.1705973391836,842.4724506939548,966.4857654669421
2,1169.1162534297885,1021.9255413272207,994.360656805432,1101.8987811474792,1000.0,1000.0,1067.0387137164003,836.7018483306888,842.4724498908967,966.4857553520942
3,1169.1162471915252,1021.9255397279335,1014.3371391145592,1121.8752673526124,960.0470394568764,960.0470254488918,1087.0151924055135,856.6783362215469,842.4724553818216,966.4857576987197
4,1169.1162493252614,1021.9255393019912,1011.0273021235522,1120.8714733172258,963.5384181511752,965.6327488194827,1088.125597049585,850.8044605389794,842.4724569519972,966.4857544207501
5,1158.4231194384436,1034.5820037816552,1011.0273042553694,1120.8714754099485,963.5384161710161,965.6327459778888,1088.1255953095058,850.8044628762711,880.2689547638998,926.7259220160007
