,glm-4,wenxin-4,claude-3-haiku-20240307,SenseChat-5,minimax-abab6.5-chat,Qwen/Qwen1.5-72B-Chat,gpt-4-turbo-2024-04-09,zero-one-ai/Yi-34B-Chat,deepseek-ai/deepseek-llm-67b-chat,meta-llama/Llama-3-70b-chat-hf
0,1101.3152468388728,1089.7265434255314,1063.4840822659114,1017.4300351525253,1000.0,1000.0,982.5699648474747,936.5159177340886,910.2734565744686,898.6847531611272
1,1169.116255318402,1021.9255378637637,1063.4840841518853,1017.4300385950601,1000.0,1000.0,982.5699614049399,936.5159158481146,842.4724505069062,966.4857563109283
2,1169.116246770959,1021.9255480359064,986.6879989524476,1094.2261124089955,1000.0,1000.0,1059.3660419928085,859.7198466457485,842.4724590835324,966.4857461096022
3,1169.1162700444615,1021.9255225186063,1009.2220262307947,1116.7601634527082,954.9319294578214,954.9319214481746,1081.9000932592671,882.253866151234,842.4724537576304,966.4857536793015
4,1169.116252219562,1021.9255404086592,998.3216671600001,1113.425689379795,966.227465228193,973.0675552466706,1085.461101917385,863.4965210679566,842.4724525218406,966.4857548499383
5,1158.4231100330148,1034.5820162680593,998.3216772459394,1113.425697734376,966.2274558398266,973.0675550198093,1085.4611018921846,863.4965122678642,880.2689625302075,926.7259111687183
