gpt-4-turbo-2024-04-09,meta-llama/Llama-3-70b-chat-hf,claude-3-haiku-20240307,Qwen/Qwen1.5-72B-Chat,mistralai/Mixtral-8x7B-Instruct-v0.1,zero-one-ai/Yi-34B-Chat,gpt-35-turbo-0125,meta-llama/Llama-2-70b-chat-hf
1103.2106392191006,1000.0,1062.5555554471175,1028.3698606434612,977.674348557038,994.5024362281554,926.449311272732,907.2378486323952
1088.5719609673538,1102.4706874526576,1047.9168889980624,1013.7311996340088,963.0356760902964,979.8637659338408,911.810645318671,892.5991756051088
1099.786385366789,1072.8516630001377,1051.561816454573,1010.5684946395654,969.4718035269892,982.7621157353942,913.9624131386892,899.0353081378619
1099.9343374255138,1074.2428944486987,1050.6247611526726,1010.678946891124,969.4623742452192,982.2185262164852,913.8122901982866,899.0258694219998
