,claude-3-haiku-20240307,zero-one-ai/Yi-34B-Chat,gpt-35-turbo-0125,meta-llama/Llama-2-70b-chat-hf,mistralai/Mixtral-8x7B-Instruct-v0.1,Qwen/Qwen1.5-72B-Chat,meta-llama/Llama-3-70b-chat-hf,gpt-4-turbo-2024-04-09,deepseek-ai/deepseek-llm-67b-chat
0,1050.6247611526726,982.2185262164853,913.8122901982866,899.0258694219998,969.4623742452192,1010.6789468911239,1074.2428944486987,1099.9343374255138,1000.0
1,1070.3723568346156,1001.9661171577233,933.5598814385048,918.7734606512402,989.2099644677909,1030.4265442504297,1093.9904937216227,1119.6819362535325,842.0192452245403
2,1070.1734004768687,1001.7671641371672,933.3609163252709,860.1190815989205,989.0110047284886,1030.2275798499134,1093.7915320345355,1119.4829733773333,902.0663474715017
3,1083.617291436327,1021.3425395548892,959.0677986718954,828.1591055305197,977.7270288620084,1044.8766448593265,1105.7143146578442,1127.2312828506995,852.2639935764903
4,1070.2339795828127,986.1764742704747,959.4365389318295,851.0885438333236,990.1424764064614,1038.391691520351,1097.5980654440402,1122.7883868626395,884.1438431480673
