,gpt-35-turbo-0125,claude-3-haiku-20240307,Qwen/Qwen1.5-72B-Chat,mistralai/Mixtral-8x7B-Instruct-v0.1,meta-llama/Llama-2-70b-chat-hf,zero-one-ai/Yi-34B-Chat,meta-llama/Llama-3-70b-chat-hf,gpt-4-turbo-2024-04-09,deepseek-ai/deepseek-llm-67b-chat
0,909.539797034606,1053.835955075007,1017.6105916542998,982.3977864175307,874.8596615245626,968.0830124027048,1081.654714224871,1112.0184816664182,1000.0
1,925.6031760441167,1069.8993267653684,1033.6739678418614,998.4611625626833,890.9230352428539,984.1463894701127,1097.7180915725646,1128.0818596217734,871.4929908786656
2,925.6513717379175,1069.9475282387077,1033.7221666209082,998.5093527515944,862.9822449487,984.1945843181928,1097.7662884916706,1128.1300512270025,899.0964116653065
3,923.7879703849538,1068.9959481788997,1032.6841248005808,999.3353850126695,865.2558468693152,982.7797590866836,1096.9278245171013,1127.5992738473603,902.6338673024355
4,923.8955135522506,1067.0219768789136,1031.7449819808712,1001.2148370358901,868.6211632240106,977.4630411947866,1095.7502329201889,1126.9867505603663,907.3015026527223
