,gpt-4-turbo-2024-04-09,claude-3-haiku-20240307,Qwen/Qwen1.5-72B-Chat,mistralai/Mixtral-8x7B-Instruct-v0.1,zero-one-ai/Yi-34B-Chat,gpt-35-turbo-0125,meta-llama/Llama-2-70b-chat-hf
0,1000,1000,1000,1000,1000,1000,1000
1,1035.218252,1000,964.7817482,1000,1000,1000,1000
2,1035.218252,1053.769062,964.7817482,1000,946.2309375,1000,1000
3,1035.218252,1053.769062,964.7817482,1026.255783,946.2309375,973.744217,1000
4,1035.218252,1053.769062,964.7817482,1026.255783,946.2309375,973.744217,1000