,gpt-4-turbo-2024-04-09,Qwen/Qwen1.5-72B-Chat,claude-3-haiku-20240307,zero-one-ai/Yi-34B-Chat,mistralai/Mixtral-8x7B-Instruct-v0.1,gpt-35-turbo-0125,meta-llama/Llama-2-70b-chat-hf
0,1000.0,1000.0,1000.0,1000.0,1000.0,1000.0,1000
1,1035.218251810923,964.781748189077,1000.0,1000.0,1000.0,1000.0,1000
2,1035.2182518029895,964.7817481970106,1053.7690624689947,946.2309375310053,1000.0,1000.0,1000
3,1035.218251828355,964.7817481716448,1053.7690624761422,946.2309375238577,1026.2557829895848,973.7442170104152,1000
4,1035.218251828355,964.7817481716448,1053.7690624761422,946.2309375238577,1026.2557829895848,973.7442170104152,1000
