,gpt-4-turbo-2024-04-09,Qwen/Qwen1.5-72B-Chat,command-r-plus,claude-3-haiku-20240307,zero-one-ai/Yi-34B-Chat,mistralai/Mixtral-8x7B-Instruct-v0.1,deepseek-ai/deepseek-llm-67b-chat,gpt-35-turbo-0125,meta-llama/Llama-2-70b-chat-hf
0,1000.0,1000.0,1000.0,1000.0,1000.0,1000.0,1000.0,1000.0,1000
1,1035.218251810923,964.781748189077,1000.0,1000.0,1000.0,1000.0,1000.0,1000.0,1000
2,1035.2182515094419,964.7817484905582,1017.4300378767527,982.5699621232473,1000.0,1000.0,1000.0,1000.0,1000
3,1035.2182515084216,964.7817484915785,1017.4300372643858,982.5699627356142,1021.8288943446975,978.1711056553025,1000.0,1000.0,1000
4,1035.218251818452,964.781748181548,1017.430036808762,982.569963191238,1021.8288942687626,978.1711057312374,973.7442177784945,1026.2557822215056,1000
5,1035.218251818452,964.781748181548,1017.430036808762,982.569963191238,1021.8288942687626,978.1711057312374,973.7442177784945,1026.2557822215056,1000
