,gpt-4-turbo-2024-04-09,command-r-plus,claude-3-haiku-20240307,Qwen/Qwen1.5-72B-Chat,zero-one-ai/Yi-34B-Chat,mistralai/Mixtral-8x7B-Instruct-v0.1,gpt-35-turbo-0125,deepseek-ai/deepseek-llm-67b-chat,meta-llama/Llama-2-70b-chat-hf
0,1142.7668708416802,1112.8583641173984,1077.9983001411476,1072.3303828043117,1033.324613205058,989.6668324612971,915.2102231876461,862.6986655071627,793.1457477342983
1,1149.4613697200873,1107.873027066041,1073.0129699890208,1079.0248221649465,1030.4836054065138,988.8952119297247,918.8437567432876,864.244829534389,788.160407445989
2,1147.2008262738518,1108.8459050025626,1077.7748809854058,1072.8437600959899,1030.8636976341143,988.7030000158753,917.4333010682647,863.4123226069744,792.9223063169608
3,1151.2321992771738,1102.98601321743,1075.1749745704137,1073.4808599648422,1011.2373564618068,982.6903854258684,940.3948303175204,872.4809756188625,790.3224051460824
4,1150.8809472334874,1103.4431316262655,1087.1752543848008,1079.4460198204029,1000.1253085804316,959.8533513994048,930.2276604266805,856.1430442537543,832.7052822747725
5,1150.8809472334874,1103.4431316262655,1087.1752543848008,1079.4460198204029,1000.1253085804316,959.8533513994048,930.2276604266805,856.1430442537543,832.7052822747725
