,gpt-4-turbo-2024-04-09,Qwen/Qwen1.5-72B-Chat,claude-3-haiku-20240307,mistralai/Mixtral-8x7B-Instruct-v0.1,gpt-35-turbo-0125,zero-one-ai/Yi-34B-Chat,meta-llama/Llama-2-70b-chat-hf
0,1124.782996977727,1054.3464902265748,1045.2492454122207,999.3199456305177,946.8083768826461,937.7111329079381,891.7818119623756
1,1119.0811643157517,1053.0148312388694,1039.5474135557351,1006.902586088093,950.0802674766738,932.009283743308,899.3644535815689
2,1118.5279726492658,1039.0186464383642,1056.7447136014282,1001.7160385440991,940.608122463904,949.2065881745459,894.1779181283927
3,1117.6101840314466,1036.1945508713247,1065.5601108416383,992.15904360599,923.1102063394676,980.7449857222391,884.6209185878937
4,1117.6101840314466,1036.1945508713247,1065.5601108416383,992.15904360599,923.1102063394676,980.7449857222391,884.6209185878937
