,gpt-4-turbo-2024-04-09,claude-3-haiku-20240307,Qwen/Qwen1.5-72B-Chat,mistralai/Mixtral-8x7B-Instruct-v0.1,zero-one-ai/Yi-34B-Chat,gpt-35-turbo-0125,meta-llama/Llama-2-70b-chat-hf
0,1124.782997,1045.249245,1054.34649,999.3199456,937.7111329,946.8083769,891.781812
1,1119.081164,1039.547414,1053.014831,1006.902586,932.0092837,950.0802675,899.3644536
2,1118.527973,1056.744714,1039.018646,1001.716039,949.2065882,940.6081225,894.1779181
3,1117.610184,1065.560111,1036.194551,992.1590436,980.7449857,923.1102063,884.6209186
4,1117.610184,1065.560111,1036.194551,992.1590436,980.7449857,923.1102063,884.6209186