,gpt-4-turbo-2024-04-09,command-r-plus,claude-3-haiku-20240307,Qwen/Qwen1.5-72B-Chat,zero-one-ai/Yi-34B-Chat,mistralai/Mixtral-8x7B-Instruct-v0.1,gpt-35-turbo-0125,deepseek-ai/deepseek-llm-67b-chat,meta-llama/Llama-2-70b-chat-hf
0,1150.8809472334874,1103.4431316262655,1087.1752543848008,1079.4460198204029,1000.1253085804316,959.8533513994048,930.2276604266805,856.1430442537543,832.7052822747725
1,1146.4474546349697,1103.4023260374886,1091.8392658763241,1079.6488163776044,999.6717287169427,960.1203131883876,928.6393513073074,855.4619484367524,834.7687954242233
2,1148.0829503047282,1096.1589164663624,1093.714973677374,1092.2263813471734,996.2100989410118,958.2284125423618,927.1811703702699,853.7917982101335,834.4052981405857
3,1144.794203606663,1089.9873566850072,1089.9402971635002,1087.804970841524,982.4360808428114,961.6259988705498,930.2489195543634,878.277553228016,834.884619207565
4,1142.929969370749,1089.1449691598946,1089.5858024811723,1086.7919664824458,982.3404757845352,968.5368169170719,923.6220431451914,878.2460454905755,838.8019111683637
5,1142.929969370749,1089.1449691598946,1089.5858024811723,1086.7919664824458,982.3404757845352,968.5368169170719,923.6220431451914,878.2460454905755,838.8019111683637
