,Qwen/Qwen1.5-72B-Chat,gpt-35-turbo-0125,claude-3-haiku-20240307,meta-llama/Llama-2-70b-chat-hf,gpt-4-turbo-2024-04-09,mistralai/Mixtral-8x7B-Instruct-v0.1,zero-one-ai/Yi-34B-Chat,meta-llama/Llama-3-70b-chat-hf
0,1028.3698606434612,926.449311272732,1062.5555554471177,907.2378486323952,1103.2106392191006,977.674348557038,994.5024362281554,1000.0
1,1013.7311996340089,911.810645318671,1047.9168889980624,892.5991756051088,1088.5719609673538,963.0356760902965,979.8637659338409,1102.4706874526576
2,1010.5684946395654,913.9624131386892,1051.5618164545733,899.0353081378619,1099.786385366789,969.4718035269893,982.7621157353942,1072.8516630001377
3,1010.6789468911239,913.8122901982866,1050.6247611526726,899.0258694219998,1099.9343374255138,969.4623742452192,982.2185262164853,1074.2428944486987
