,gpt-4-turbo-2024-04-09,meta-llama/Llama-3-70b-chat-hf,claude-3-haiku-20240307,Qwen/Qwen1.5-72B-Chat,mistralai/Mixtral-8x7B-Instruct-v0.1,zero-one-ai/Yi-34B-Chat,gpt-35-turbo-0125,meta-llama/Llama-2-70b-chat-hf
0,1117.610184,1000,1065.560111,1036.194551,992.1590436,980.7449857,923.1102063,884.6209186
1,1101.993429,1109.317294,1049.943355,1020.577794,976.5422877,965.1282291,907.4934491,869.0041624
2,1112.121153,1082.61259,1053.189253,1017.685843,982.3916911,967.7113633,909.434546,874.8535606
3,1112.018482,1081.654714,1053.835955,1017.610592,982.3977864,968.0830124,909.539797,874.8596615