,meta-llama/Llama-3-70b-chat-hf,zero-one-ai/Yi-34B-Chat,gpt-35-turbo-0125,Qwen/Qwen1.5-72B-Chat,claude-3-haiku-20240307,wenxin-4,SenseChat-5,gpt-4-turbo-2024-04-09,mistralai/Mixtral-8x7B-Instruct-v0.1,meta-llama/Llama-2-70b-chat-hf,deepseek-ai/deepseek-llm-67b-chat,glm-4
0,1103.2642858182098,971.7119923198012,915.5213200521235,1045.5432602388075,1078.6575470473058,979.8443960357575,1041.0884471310392,1124.249991792519,986.6474755425638,856.3736738412681,897.0976101806043,1000.0
1,1085.6974455788875,954.145108024107,897.9544302502695,1027.9764124894177,1061.090702148899,962.2775143787194,1023.5216033416539,1106.6831427145491,969.0806039367799,838.8067584924902,879.5307034348571,1193.2355752093697
2,1077.4130067061328,959.5845259917344,903.7274655809329,1032.2527102446365,1065.097810824538,967.9376793386482,1030.320570406361,1118.774128329648,976.189457494497,845.4517465593783,885.7660245675879,1137.4848739559052
3,1077.3164644699737,959.6922352309847,903.7966672850159,1032.3000284110915,1065.3275727034113,968.0060565289717,1030.3889105008434,1118.7151447935216,976.2379299118279,845.5125059385402,885.8376273651265,1136.8688568606915
4,1073.0683072195907,962.1696831559162,908.1257884482387,1041.9599964620302,1062.892594264261,972.6832689057944,1032.196555922761,1116.0268063792232,978.6458520127538,848.2344635739786,888.8368626856538,1115.159820969798
