,Qwen/Qwen1.5-72B-Chat,SenseChat-5,claude-3-haiku-20240307,mistralai/Mixtral-8x7B-Instruct-v0.1,gpt-35-turbo-0125,gpt-4-turbo-2024-04-09,deepseek-ai/deepseek-llm-67b-chat,wenxin-4,meta-llama/Llama-3-70b-chat-hf,zero-one-ai/Yi-34B-Chat,meta-llama/Llama-2-70b-chat-hf,glm-4
0,1047.6871388012921,1034.1410857345652,1078.9822996885912,984.2295511413932,942.8101780299148,1123.0126578982251,886.3519242654411,984.0841457962363,1103.6613566471926,979.4892547625938,835.5504072345548,1000.0
1,1028.4680172989686,1014.9219613504122,1059.7631807277144,965.0104218293131,923.5910494118984,1103.7935318901625,867.1327945063604,964.8650143952467,1084.4422287965194,960.2701319195706,816.3312764719458,1211.4103914018879
2,1033.312630482967,1022.5047463141509,1064.2965160243277,972.9013117405074,930.0913921114811,1117.2001141596581,874.0169308772934,971.2052211530198,1075.4968585515633,966.3493900624547,823.57691564105,1149.0479728815262
3,1033.2164813056668,1022.3663931671451,1063.8333698383728,972.8026011844404,929.9512929407879,1117.3191805892618,873.8739430821091,971.0666332709574,1075.6894984910837,966.1313101350753,823.449822927106,1150.2994730679936
4,1044.1181617388706,1024.4135041546326,1061.0546437650823,975.6024037716805,934.7588841455774,1114.2086916886822,877.5627107698485,976.3557980115546,1070.822235807732,968.963161689234,826.8194301853945,1125.3203742717103
