,zero-one-ai/Yi-34B-Chat,Qwen/Qwen1.5-72B-Chat,claude-3-haiku-20240307,meta-llama/Llama-2-70b-chat-hf,deepseek-ai/deepseek-llm-67b-chat,meta-llama/Llama-3-70b-chat-hf,wenxin-4,gpt-4-turbo-2024-04-09,SenseChat-5,mistralai/Mixtral-8x7B-Instruct-v0.1,gpt-35-turbo-0125,glm-4
0,971.7119923198012,1045.5432602388075,1078.6575470473058,856.3736738412682,897.0976101806043,1103.2642858182098,979.8443960357575,1124.249991792519,1041.0884471310392,986.6474755425638,915.5213200521235,1000.0
1,954.145108024107,1027.9764124894177,1061.090702148899,838.8067584924902,879.5307034348572,1085.6974455788875,962.2775143787194,1106.6831427145491,1023.5216033416539,969.0806039367799,897.9544302502695,1193.2355752093697
2,959.5845259917343,1032.2527102446365,1065.097810824538,845.4517465593782,885.7660245675879,1077.4130067061328,967.9376793386481,1118.774128329648,1030.320570406361,976.1894574944969,903.7274655809327,1137.4848739559052
3,959.6922352309846,1032.3000284110915,1065.3275727034113,845.5125059385402,885.8376273651265,1077.3164644699737,968.0060565289716,1118.7151447935216,1030.3889105008432,976.2379299118278,903.7966672850158,1136.8688568606913
4,962.1696831559162,1041.9599964620302,1062.8925942642613,848.2344635739786,888.8368626856538,1073.0683072195907,972.6832689057944,1116.0268063792232,1032.196555922761,978.645852012754,908.1257884482387,1115.159820969798
