,glm-4,SenseChat-5,gpt-4-turbo-2024-04-09,wenxin-4,claude-3-haiku-20240307,Qwen/Qwen1.5-72B-Chat,minimax-abab6.5-chat,meta-llama/Llama-3-70b-chat-hf,deepseek-ai/deepseek-llm-67b-chat,zero-one-ai/Yi-34B-Chat
0,1158.4231100330148,1113.425697734376,1085.4611018921846,1034.5820162680593,998.3216772459394,973.0675550198093,966.2274558398266,926.7259111687183,880.2689625302075,863.4965122678642
1,1036.8293803399272,1194.4881833838172,1166.523603944826,912.9882558692362,1079.3841491547453,1054.1300564538033,1047.289971255142,805.1321766881442,758.6751998374028,944.5590230729555
2,1078.5149421241276,1174.6195826952144,1100.117569872005,1000.0783559599971,1050.0106308334866,1005.6011183558568,990.2945682553936,864.7780750873134,830.7018163678886,905.283340448717
3,1067.5244115819667,1155.7974421503388,1103.0698767791496,995.0508263638984,997.8623064911767,1067.6622389783822,1023.7745041191763,856.0859410294623,823.6391311307249,909.5333213757243
4,1080.8455488921109,1154.179596527659,1096.2669468408285,1004.9420308037008,984.9715040721205,1048.2785437256152,995.1099293557518,893.2544449120402,848.5446510721797,893.6068037979935
5,1072.258567862088,1155.2485394499633,1092.0614129464302,991.0336779347938,1003.6138621394717,1065.4641969754316,995.1061678167894,879.1761286397793,817.1601427388061,928.8773034964462
