,glm-4,SenseChat-5,gpt-4-turbo-2024-04-09,wenxin-4,claude-3-haiku-20240307,Qwen/Qwen1.5-72B-Chat,minimax-abab6.5-chat,meta-llama/Llama-3-70b-chat-hf,deepseek-ai/deepseek-llm-67b-chat,zero-one-ai/Yi-34B-Chat
0,1158.4231194384436,1120.8714754099485,1088.1255953095058,1034.5820037816552,1011.0273042553694,965.6327459778888,963.5384161710161,926.7259220160007,880.2689547638998,850.8044628762711
1,1041.2968484916867,1198.9556552561248,1166.209786922954,917.4557506695833,1089.1114717458777,1043.716934034438,1041.6226019065305,809.5996392342081,763.1426930845693,928.888618654028
2,1082.108221795871,1179.6253193182833,1101.220981899178,1002.5998560444976,1060.687302106099,996.0956365884741,985.8234771800799,867.956775704951,833.5876891329633,890.2947402296028
3,1069.6951490373256,1158.4659866744212,1104.3473786617224,996.8415461361138,1002.7542482146886,1065.1615144041039,1023.1273403403359,858.1106118523702,825.559956014368,895.9362686645511
4,1082.6429261790963,1156.8777854093971,1097.7367590047575,1006.4580524455677,990.2439784090197,1046.2995550597725,995.2330724351334,894.2675175165767,849.7866144310792,880.4537391095996
5,1072.8589829698558,1158.1170555340914,1092.938097924007,990.6134966294592,1011.3449434887739,1065.77551574024,995.1902050200813,878.1974116939971,813.9847378382715,920.9795531612228
