,meta-llama/Llama-2-70b-chat-hf,wenxin-4,Qwen/Qwen1.5-72B-Chat,reka-core-20240501,deepseek-ai/deepseek-llm-67b-chat,gpt-4-turbo-2024-04-09,glm-4,SenseChat-5,gpt-35-turbo-0125,claude-3-haiku-20240307,meta-llama/Llama-3-70b-chat-hf,mistralai/Mixtral-8x7B-Instruct-v0.1,zero-one-ai/Yi-34B-Chat,mistral-large-2402
0,819.6908600072227,969.0708661456224,1036.5564454678777,1077.1644304664735,870.3748859741935,1108.3963667718303,1120.0096087394427,1017.0829423053041,927.5027444567902,1053.542519681392,1070.3745436144989,968.5796246558939,961.6541617134578,1000.0
1,823.9368174444126,973.3168242458626,1040.8024183782861,1081.4103915870762,874.6208223655875,1112.642344990562,1124.255576833914,1021.3288893861502,931.7487200452598,1057.788493265866,1074.6204941146825,972.8255796747719,965.9001403330928,944.8024873344752
2,820.9265552409018,970.3373529205555,1040.2630884738319,1081.0246101809894,871.1836413820038,1112.5986753343234,1127.3992051163596,1020.5657298118407,928.6233768921126,1057.2215543917157,1074.9329862680015,970.5779077620241,959.9835586935271,964.3617575318132
3,821.7725463302564,973.5295788469599,1040.7186139034147,1081.1996405096038,871.904677427228,1112.6978476995578,1126.3860007312871,1020.9200144435328,929.6034713537102,1057.1817969871922,1074.8711228843915,971.6474569697946,959.6457998394745,957.9214320735954
4,815.540846009412,975.3650500800806,1040.5724369458576,1080.688864479717,868.0274647753249,1111.3490098338968,1129.4248340211768,1018.4858087253926,927.3681288412935,1057.4225928406909,1075.1175412506623,961.2273821655875,962.731439793761,976.6786002371467
